{"cameraMode":{"drawMode":0,"name":"Shaded","section":"Shading Mode"},"sceneLighting":true,"audioPlay":false,"sceneViewState":{"m_AlwaysRefresh":false,"showFog":true,"showSkybox":true,"showFlares":true,"showImageEffects":true,"showParticleSystems":true,"showVisualEffectGraphs":true,"m_FxEnabled":true},"in2DMode":false,"pivot":{"x":2.4982898235321047,"y":4.5645527839660648,"z":0.2974834144115448},"rotation":{"x":0.009720546193420887,"y":0.9530025124549866,"z":-0.3014051914215088,"w":0.03157215937972069},"size":1.2247449159622193,"orthographic":false}