{"cameraMode":{"drawMode":0,"name":"Shaded","section":"Shading Mode"},"sceneLighting":true,"audioPlay":false,"sceneViewState":{"m_AlwaysRefresh":false,"showFog":true,"showSkybox":true,"showFlares":true,"showImageEffects":true,"showParticleSystems":true,"showVisualEffectGraphs":true,"m_FxEnabled":true},"in2DMode":false,"pivot":{"x":-65.87761688232422,"y":-4.0070977210998539,"z":88.96347045898438},"rotation":{"x":-0.03325183689594269,"y":0.056037843227386478,"z":-0.0018769921734929085,"w":-0.9978840947151184},"size":70.71067810058594,"orthographic":false}