{"cameraMode":{"drawMode":0,"name":"Shaded","section":"Shading Mode"},"sceneLighting":true,"audioPlay":false,"sceneViewState":{"m_AlwaysRefresh":false,"showFog":true,"showSkybox":true,"showFlares":true,"showImageEffects":true,"showParticleSystems":true,"showVisualEffectGraphs":true,"m_FxEnabled":true},"in2DMode":false,"pivot":{"x":1.575851559638977,"y":1.3013854026794434,"z":-1.1236019134521485},"rotation":{"x":-0.00021684968669433147,"y":0.9614008665084839,"z":-0.00025651464238762856,"w":-0.2754047214984894},"size":1.2247449159622193,"orthographic":false}