{"cameraMode":{"drawMode":0,"name":"Shaded","section":"Shading Mode"},"sceneLighting":false,"audioPlay":false,"sceneViewState":{"m_AlwaysRefresh":false,"showFog":true,"showSkybox":false,"showFlares":true,"showImageEffects":true,"showParticleSystems":true,"showVisualEffectGraphs":true,"m_FxEnabled":true},"in2DMode":false,"pivot":{"x":0.23699826002120973,"y":2.0425400733947756,"z":-0.07139134407043457},"rotation":{"x":-0.005866530351340771,"y":0.9893231391906738,"z":-0.04037404805421829,"w":-0.14041146636009217},"size":1.4478952884674073,"orthographic":false}